name,category,value,duped_value,rarity,demand,last_updated
HyperShift,HyperChrome,"355,000,000","312,000,000",,Decent,
HyperShift Level 4,HyperChrome,"254,000,000",N/A,,Very Low,
HyperDiamond Level 5,HyperChrome,"70,000,000","60,000,000",,Decent,
HyperBlue Level 5,HyperChrome,"61,000,000","50,000,000",,Decent,
HyperPink Level 5,HyperChrome,"58,000,000","51,000,000",,Decent,
HyperBlue Level 4,HyperChrome,"54,000,000",N/A,,Very Low,
Javelin,Vehicle,"49,500,000",N/A,,Decent,
Torpedo,Vehicle,"49,000,000","41,500,000",,Medium,2026-02-05
HyperDiamond Level 4,HyperChrome,"47,000,000",N/A,,Low,
Void,Rim,"46,000,000","41,000,000",,High,
HyperRed Level 5,HyperChrome,"45,000,000","39,000,000",,Decent,
HyperPurple Level 5,HyperChrome,"43,000,000","40,000,000",,Decent,
HyperPink Level 4,HyperChrome,"42,000,000",N/A,,Decent,
Checker,Texture,"41,000,000","38,000,000",,Decent,
Beignet,Vehicle,"40,000,000","37,000,000",,High,
Thrusters,Spoiler,"40,000,000","37,000,000",,Decent,
HyperOrange Level 5,HyperChrome,"34,000,000","31,500,000",,Decent,
Celsior,Vehicle,"33,000,000","31,000,000",,High,
HyperPurple Level 4,HyperChrome,"32,000,000",N/A,,Decent,
Proto-8,Vehicle,"30,000,000",N/A,,High,
Vantablack,Body Color,"29,000,000",N/A,,Low,
Laser Cannon,Rim,"28,000,000",N/A,,Decent,
HyperRed Level 4,HyperChrome,"26,000,000",N/A,,Very Low,
HyperGreen Level 5,HyperChrome,"25,000,000","23,000,000",,Decent,
Power 1,Vehicle,"23,000,000",N/A,,High,
Arachnid,Vehicle,"21,000,000","18,000,000",,Decent,
HyperBlue Level 3,HyperChrome,"21,000,000",N/A,,Very Low,
Blue Fire,Drift,"20,000,000",N/A,,Very Low,
Icebreaker,Vehicle,"20,000,000","17,000,000",,Decent,
Drip,Texture,"20,000,000",N/A,,Decent,
HyperOrange Level 4,HyperChrome,"20,000,000",N/A,,Low,
HyperYellow Level 5,HyperChrome,"20,000,000","18,000,000",,Decent,
Beam Hybrid,Vehicle,"19,000,000","16,000,000",,Decent,
HyperGreen Level 4,HyperChrome,"19,000,000",N/A,,Low,
RTX,Rim,"17,500,000",N/A,,Very Low,
HyperDiamond Level 3,HyperChrome,"17,500,000",N/A,,Low,
Banana Car,Vehicle,"17,000,000",N/A,,Decent,
Spinner,Rim,"16,500,000","15,000,000",,Very Low,
Molten M12,Vehicle,"15,000,000",N/A,,Decent,
Drip,Weapon Skin,"15,000,000",N/A,,Very Low,
HyperYellow Level 4,HyperChrome,"14,000,000",N/A,,Low,
Noob Scream,Furniture,"14,000,000",N/A,,Very Low,
Crew Capsule,Vehicle,"12,000,000",N/A,,Very Low,
HyperPink Level 3,HyperChrome,"12,000,000",N/A,,Low,
Raptor,Vehicle,"11,000,000",N/A,,Low,
Snow Shovel,Spoiler,"11,000,000",N/A,,Very Low,
Volt 4x4,Vehicle,"10,000,000",N/A,,Decent,
HyperPurple Level 3,HyperChrome,"10,000,000",N/A,,Low,
Snow Face,Rim,"9,000,000",N/A,,Very Low,
Blue 50,Tire Sticker,"9,000,000",N/A,,Very Low,
Parisian,Vehicle,"8,500,000",N/A,,Decent,
Gradient Pixel,Drift,"8,000,000",N/A,,Low,
Snowstorm,Texture,"8,000,000",N/A,,Low,
2 Billion,Spoiler,"8,000,000",N/A,,Very Low,
Spiked,Tire Style,"8,000,000",N/A,,Low,
Aperture,Vehicle,"7,500,000",N/A,,Decent,
Shogun,Vehicle,"6,500,000",N/A,,Decent,
Scorpion,Vehicle,"6,000,000",N/A,,Decent,
HyperRed Level 3,HyperChrome,"6,000,000",N/A,,Very Low,
Carbonara,Vehicle,"5,500,000",N/A,,Decent,
Macaron,Vehicle,"5,500,000",N/A,,Decent,
Bicycle Rack,Spoiler,"5,500,000",N/A,,Very Low,
Snowflake,Rim,"5,000,000",N/A,,Very Low,
Bandit,Vehicle,"5,000,000",N/A,,Decent,
Goliath,Vehicle,"5,000,000",N/A,,Decent,
Sci-Fi Kitchen,Furniture,"5,000,000",N/A,,Very Low,
Icicle,Rim,"4,500,000",N/A,,Very Low,
Ionize,Rim,"4,500,000",N/A,,Very Low,
Planetary,Rim,"4,500,000",N/A,,Decent,
Rattler,Vehicle,"4,000,000",N/A,,Low,
Torero,Vehicle,"4,000,000",N/A,,Decent,
Galactic Carbon,Texture,"4,000,000",N/A,,Low,
Clickbait,Spoiler,"4,000,000",N/A,,Very Low,
Volt Wing,Spoiler,"4,000,000",N/A,,Very Low,
HyperBlue Level 2,HyperChrome,"4,000,000",N/A,,Very Low,
HyperOrange Level 3,HyperChrome,"4,000,000",N/A,,Very Low,
Trapped Bookshelf,Furniture,"4,000,000",N/A,,Very Low,
Snowstorm,Weapon Skin,"4,000,000",N/A,,Close to none,
JB8,Vehicle,"3,500,000",N/A,,Decent,
Snake,Vehicle,"3,500,000",N/A,,Decent,
Earthquake,Texture,"3,500,000",N/A,,Medium,
5 Star,Spoiler,"3,500,000",N/A,,Very Low,
Blue Chute,Spoiler,"3,500,000",N/A,,Low,
Cash Spitter,Spoiler,"3,500,000",N/A,,Decent,
Eight Leg,Spoiler,"3,500,000",N/A,,Very Low,
Brickset,Tire Style,"3,500,000",N/A,,Low,
HyperDiamond Level 2,HyperChrome,"3,500,000",N/A,,Very Low,
HyperGreen Level 3,HyperChrome,"3,500,000",N/A,,Very Low,
Hot Chocolate Tub,Furniture,"3,500,000",N/A,,Very Low,
Race Simulator,Furniture,"3,500,000",N/A,,Very Low,
Orion M42,Vehicle,"3,500,000",N/A,,Decent,
Brickset,Rim,"3,000,000",N/A,,Very Low,
Spark,Drift,"3,000,000",N/A,,Very Low,
Airtail,Vehicle,"3,000,000",N/A,,Decent,
Brulee,Vehicle,"3,000,000",N/A,,Decent,
Tiny Toy,Vehicle,"3,000,000",N/A,,Decent,
Red 50,Tire Sticker,"3,000,000",N/A,,Very Low,
Fire,Texture,"3,000,000",N/A,,Low,
Glider,Spoiler,"3,000,000",N/A,,Very Low,
Tiki Torch,Spoiler,"3,000,000",N/A,,Very Low,
Velocity,Spoiler,"3,000,000",N/A,,Very Low,
Iceborn,Vehicle,"3,000,000",N/A,,Decent,
Snow Chain,Tire Style,"3,000,000",N/A,,Very Low,
HyperYellow Level 3,HyperChrome,"3,000,000",N/A,,Very Low,
Katana,Vehicle,"3,000,000",N/A,,Decent,
Blue Eyes,Rim,"2,500,000",N/A,,Very Low,
Center Lock,Rim,"2,500,000",N/A,,Very Low,
Hypno,Rim,"2,500,000",N/A,,Very Low,
Iron Rock,Rim,"2,500,000",N/A,,Very Low,
Bloxy,Vehicle,"2,500,000",N/A,,Decent,
Concept,Vehicle,"2,500,000",N/A,,Very Low,
Poseidon,Vehicle,"2,500,000",N/A,,Medium,
Shell Classic,Vehicle,"2,500,000",N/A,,Medium,
Wedge,Vehicle,"2,500,000",N/A,,Decent,
Jailbreak Army,Tire Sticker,"2,500,000",N/A,,Very Low,
Japanese,Tire Sticker,"2,500,000",N/A,,Very Low,
Black Ice,Texture,"2,500,000",N/A,,Low,
Blue Pixel,Texture,"2,500,000",N/A,,Low,
Winter Camo,Texture,"2,500,000",N/A,,Medium,
Brickset,Spoiler,"2,500,000",N/A,,Very Low,
Snow Trail,Tire Style,"2,500,000",N/A,,Very Low,
Race Car Bed,Furniture,"2,500,000",N/A,,Very Low,
Sarcophagus Bed,Furniture,"2,500,000",N/A,,Very Low,
Cobra,Vehicle,"2,500,000",N/A,,Medium,
Brick Kar-1,Vehicle,"2,500,000",N/A,,Low,
Polaire,Vehicle,"2,500,000",N/A,,Decent,
Diamond Engrave,Rim,"2,000,000",N/A,,Very Low,
Radar,Rim,"2,000,000",N/A,,Very Low,
Sakura,Rim,"2,000,000",N/A,,Very Low,
Stance,Rim,"2,000,000",N/A,,Very Low,
Track Toy,Rim,"2,000,000",N/A,,Very Low,
Wagon Wheel,Rim,"2,000,000",N/A,,Very Low,
Aurora,Drift,"2,000,000",N/A,,Low,
Brickset,Drift,"2,000,000",N/A,,Very Low,
Agent,Vehicle,"2,000,000",N/A,,Low,
Jackrabbit,Vehicle,"2,000,000",N/A,,Very Low,
Old Town Road,Texture,"2,000,000",N/A,,Very Low,
Dual Rockets,Spoiler,"2,000,000",N/A,,Very Low,
Endurance Wing,Spoiler,"2,000,000",N/A,,Very Low,
Stormrider,Vehicle,"2,000,000",N/A,,Decent,
Donut,Tire Style,"2,000,000",N/A,,Very Low,
Inf1n1ty,Rim,"2,000,000",N/A,,Low,
Flaming,Weapon Skin,"1,750,000",N/A,,Close to none,
Daytona,Rim,"1,500,000",N/A,,Very Low,
Doubloon,Rim,"1,500,000",N/A,,Close to none,
Fore,Rim,"1,500,000",N/A,,Very Low,
Frostburn,Rim,"1,500,000",N/A,,Very Low,
Red Eyes,Rim,"1,500,000",N/A,,Very Low,
Rubber Ducky,Rim,"1,500,000",N/A,,Very Low,
Sparkler,Rim,"1,500,000",N/A,,Very Low,
Spider Leg,Rim,"1,500,000",N/A,,Very Low,
LongHorn,Vehicle,"1,500,000",N/A,,Low,
Manta,Vehicle,"1,500,000",N/A,,Very Low,
Armor,Texture,"1,500,000",N/A,,Very Low,
Manga,Texture,"1,500,000",N/A,,Medium,
Orange Pixel,Texture,"1,500,000",N/A,,Very Low,
Tiger,Texture,"1,500,000",N/A,,Medium,
After Burner,Spoiler,"1,500,000",N/A,,Very Low,
Colors Of Italy,Spoiler,"1,500,000",N/A,,Very Low,
Death Ray,Spoiler,"1,500,000",N/A,,Very Low,
Flamethrower,Spoiler,"1,500,000",N/A,,Very Low,
Jetpack,Spoiler,"1,500,000",N/A,,Very Low,
Mecha Arm,Spoiler,"1,500,000",N/A,,Close to none,
Water Gun,Spoiler,"1,500,000",N/A,,Very Low,
Cryo Chamber,Furniture,"1,500,000",N/A,,Very low,
Missile Bed,Furniture,"1,500,000",N/A,,Very low,
Picnic Table,Furniture,"1,500,000",N/A,,Very Low,
Cucaracha,Horn,"1,500,000",N/A,,Close to none,
Revox,Vehicle,"1,500,000",N/A,,Medium,
Circuit Board,Weapon Skin,"1,500,000",N/A,,Close to none,
Digital Confetti,Weapon Skin,"1,500,000",N/A,,Close to none,
Blue Portal,Rim,"1,500,000",N/A,,Very Low,
Blackbeard,Vehicle,"1,500,000",N/A,,Close to none,
Ocean Water,Drift,"1,500,000",N/A,,Very Low,
Black Widow,Vehicle,"1,500,000",N/A,,Low,
Bull,Rim,"1,250,000",N/A,,Very Low,
Soccer,Rim,"1,250,000",N/A,,Close to none,
Star Badge,Rim,"1,250,000",N/A,,Very Low,
Frost Crawler,Vehicle,"1,250,000",N/A,,Close to none,
Megalodon,Vehicle,"1,250,000",N/A,,Close to none,
OG Monster,Vehicle,"1,250,000",N/A,,Close to none,
Striker,Vehicle,"1,250,000",N/A,,Close to none,
Pixel,Texture,"1,250,000",N/A,,Very Low,
Dual Flags,Spoiler,"1,250,000",N/A,,Close to none,
Shell Speaker,Spoiler,"1,250,000",N/A,,Close to none,
Drone,Vehicle,"1,250,000",N/A,,Close to none,
Gold,Body Color,"1,250,000",N/A,,Very Low,
HyperPink Level 2,HyperChrome,"1,250,000",N/A,,Close to none,
Foosball Table,Furniture,"1,250,000",N/A,,Close to none,
RGB Wall,Furniture,"1,250,000",N/A,,Close to none,
Teleporters,Furniture,"1,250,000",N/A,,Close to none,
White Marble,Weapon Skin,"1,250,000",N/A,,Close to none,
Cannonfire,Spoiler,"1,250,000",N/A,,Close to none,
Baller,Rim,"1,000,000",N/A,,Close to none,
Biohazard,Rim,"1,000,000",N/A,,Close to none,
Distorted,Rim,"1,000,000",N/A,,Close to none,
Energized,Rim,"1,000,000",N/A,,Close to none,
Euro Clover Leaf,Rim,"1,000,000",N/A,,Close to none,
Marshmallow,Rim,"1,000,000",N/A,,Close to none,
Nemesis,Rim,"1,000,000",N/A,,Close to none,
Retrowave,Rim,"1,000,000",N/A,,Close to none,
Tumble Weed,Rim,"1,000,000",N/A,,Close to none,
Maverick,Vehicle,"1,000,000",N/A,,Close to none,
Monster,Vehicle,"1,000,000",N/A,,Close to none,
Sloop,Vehicle,"1,000,000",N/A,,Close to none,
Tank,Vehicle,"1,000,000",N/A,,Close to none,
Trailblazer,Vehicle,"1,000,000",N/A,,Close to none,
Volt,Vehicle,"1,000,000",N/A,,Close to none,
Blue S3,Tire Sticker,"1,000,000",N/A,,Close to none,
Nascar 75th,Tire Sticker,"1,000,000",N/A,,Close to none,
Berlin Graffiti,Texture,"1,000,000",N/A,,Very Low,
Circuits,Texture,"1,000,000",N/A,,Close to none,
Crimson Racer,Texture,"1,000,000",N/A,,Close to none,
Earth,Texture,"1,000,000",N/A,,Close to none,
Lightning,Texture,"1,000,000",N/A,,Close to none,
White Marble,Texture,"1,000,000",N/A,,Close to none,
Bull,Spoiler,"1,000,000",N/A,,Close to none,
Guitar Riff,Spoiler,"1,000,000",N/A,,Close to none,
JDM,Spoiler,"1,000,000",N/A,,Close to none,
Japanese Lantern,Spoiler,"1,000,000",N/A,,Close to none,
Orange Chute,Spoiler,"1,000,000",N/A,,Close to none,
Snow Cannon,Spoiler,"1,000,000",N/A,,Close to none,
Spare,Spoiler,"1,000,000",N/A,,Close to none,
Surfboard Rack,Spoiler,"1,000,000",N/A,,Close to none,
UFO,Spoiler,"1,000,000",N/A,,Close to none,
Windmill,Spoiler,"1,000,000",N/A,,Close to none,
Black Hawk,Vehicle,"1,000,000",N/A,,Close to none,
Jet,Vehicle,"1,000,000",N/A,,Close to none,
Ice Spike,Drift,"1,000,000",N/A,,Very Low,
Radiant Ice,Body Color,"1,000,000",N/A,,Very Low,
America,Tire Style,"1,000,000",N/A,,Close to none,
HyperGreen Level 2,HyperChrome,"1,000,000",N/A,,Close to none,
HyperOrange Level 2,HyperChrome,"1,000,000",N/A,,Close to none,
HyperPurple Level 2,HyperChrome,"1,000,000",N/A,,Close to none,
HyperRed Level 2,HyperChrome,"1,000,000",N/A,,Close to none,
Air Hockey Table,Furniture,"1,000,000",N/A,,Close to none,
Bloxy Lisa,Furniture,"1,000,000",N/A,,Close to none,
Sakura Tree,Furniture,"1,000,000",N/A,,Close to none,
Walk Of Fame,Furniture,"1,000,000",N/A,,Close to none,
Arcade Portal,Furniture,"1,000,000",N/A,,Close to none,
Pixeltary,Rim,"1,000,000",N/A,,Close to none,
Arcade Racer,Spoiler,"1,000,000",N/A,,Close to none,
Fire,Weapon Skin,"1,000,000",N/A,,Close to none,
Galactic Carbon,Weapon Skin,"1,000,000",N/A,,Close to none,
Bamboo Shooters,Spoiler,"1,000,000",N/A,,Close to none,
Neo-Static,Drift,"1,000,000",N/A,,Very Low,
Bloxxer Launcher,Spoiler,"1,000,000",N/A,,Close to none,
Bloxxer,Drift,"1,000,000",N/A,,Close to none,
Bionic,Vehicle,"1,000,000",N/A,,Close to none,
Nemesis,Drift,"1,000,000",N/A,,Unknown,
Beadlock,Rim,"750,000",N/A,,Close to none,
Compass,Rim,"750,000",N/A,,Close to none,
Dino,Rim,"750,000",N/A,,Close to none,
Handcuff,Rim,"750,000",N/A,,Close to none,
Ship Wheel,Rim,"750,000",N/A,,Close to none,
Shutter Shade,Rim,"750,000",N/A,,Close to none,
UK Heritage,Rim,"750,000",N/A,,Close to none,
OG Fuel,Drift,"750,000",N/A,,Close to none,
3 Billion,Tire Sticker,"750,000",N/A,,Close to none,
80s Style,Tire Sticker,"750,000",N/A,,Close to none,
Kanagawa,Tire Sticker,"750,000",N/A,,Close to none,
Red S3,Tire Sticker,"750,000",N/A,,Close to none,
Aquatic,Texture,"750,000",N/A,,Close to none,
Bacon,Texture,"750,000",N/A,,Close to none,
Camo Radar,Texture,"750,000",N/A,,Close to none,
Digital Confetti,Texture,"750,000",N/A,,Close to none,
Field,Texture,"750,000",N/A,,Close to none,
Flaming,Texture,"750,000",N/A,,Close to none,
Glowing Yellow,Texture,"750,000",N/A,,Close to none,
Hotdog,Texture,"750,000",N/A,,Close to none,
Money,Texture,"750,000",N/A,,Close to none,
Wavy,Texture,"750,000",N/A,,Close to none,
Glider Shop,Spoiler,"750,000",N/A,,Close to none,
Robo Wing,Spoiler,"750,000",N/A,,Close to none,
SawBlade,Spoiler,"750,000",N/A,,Close to none,
Skull,Spoiler,"750,000",N/A,,Close to none,
Star Wing,Spoiler,"750,000",N/A,,Close to none,
Triple Fin,Spoiler,"750,000",N/A,,Close to none,
Tuner,Spoiler,"750,000",N/A,,Close to none,
Waving Flag,Spoiler,"750,000",N/A,,Close to none,
Sled Void,Rim,"750,000",N/A,,Close to none,
Hazards,Spoiler,"750,000",N/A,,Close to none,
Arcade Sports Machine,Furniture,"750,000",N/A,,Close to none,
Beach Hammock,Furniture,"750,000",N/A,,Close to none,
Gamer Chair,Furniture,"750,000",N/A,,Close to none,
If I Had One,Furniture,"750,000",N/A,,Close to none,
Liberty,Furniture,"750,000",N/A,,Close to none,
London Telephone Sofa,Furniture,"750,000",N/A,,Close to none,
Nukamo Fridge,Furniture,"750,000",N/A,,Close to none,
Puzzle Couch,Furniture,"750,000",N/A,,Close to none,
Royal Throne,Furniture,"750,000",N/A,,Close to none,
Super Star Rug,Furniture,"750,000",N/A,,Close to none,
Tiger Rug,Furniture,"750,000",N/A,,Close to none,
Tiki Tea Bar,Furniture,"750,000",N/A,,Close to none,
Track Car Bed,Furniture,"750,000",N/A,,Close to none,
Fall Chrome,Body Color,"750,000",N/A,,Close to none,
Winner,Horn,"750,000",N/A,,Close to none,
Jungle Palm,Rim,"750,000",N/A,,Close to none,
Storm,Rim,"750,000",N/A,,Close to none,
Crown,Vehicle,"666,000",N/A,,Close to none,
Successor,Vehicle,"649,000",N/A,,Close to none,
Eclaire,Vehicle,"600,000",N/A,,Close to none,
Nascar 75th,Vehicle,"600,000",N/A,,Close to none,
Roadster,Vehicle,"600,000",N/A,,Close to none,
4 Billion,Rim,"500,000",N/A,,Close to none,
Beachball,Rim,"500,000",N/A,,Close to none,
Bonded,Rim,"500,000",N/A,,Close to none,
EXP 1,Rim,"500,000",N/A,,Close to none,
Live 2020,Rim,"500,000",N/A,,Close to none,
Piggy,Rim,"500,000",N/A,,Close to none,
Roll-X,Rim,"500,000",N/A,,Close to none,
SawBlade,Rim,"500,000",N/A,,Close to none,
Unknown Signal,Rim,"500,000",N/A,,Close to none,
Shooting Star,Drift,"500,000",N/A,,Close to none,
Classic,Vehicle,"500,000",N/A,,Close to none,
Mighty,Vehicle,"500,000",N/A,,Close to none,
Posh,Vehicle,"500,000",N/A,,Close to none,
SUV,Vehicle,"500,000",N/A,,Close to none,
Steed,Vehicle,"500,000",N/A,,Close to none,
Venom,Vehicle,"500,000",N/A,,Close to none,
Bandana,Texture,"500,000",N/A,,Close to none,
Gulf,Texture,"500,000",N/A,,Close to none,
Lava,Texture,"500,000",N/A,,Close to none,
Superstar,Texture,"500,000",N/A,,Close to none,
Wooden Toy,Texture,"500,000",N/A,,Close to none,
3 Billion,Spoiler,"500,000",N/A,,Close to none,
5B Flags,Spoiler,"500,000",N/A,,Close to none,
6 Billion,Spoiler,"500,000",N/A,,Close to none,
Death Trap,Spoiler,"500,000",N/A,,Close to none,
DoYouLift,Spoiler,"500,000",N/A,,Close to none,
Leaning Wing Of Pisa,Spoiler,"500,000",N/A,,Close to none,
Live Glider,Spoiler,"500,000",N/A,,Close to none,
OG Rocket Thrusters,Spoiler,"500,000",N/A,,Close to none,
Overdrive,Spoiler,"500,000",N/A,,Close to none,
Snow Log,Spoiler,"500,000",N/A,,Close to none,
Trade Sail,Spoiler,"500,000",N/A,,Close to none,
Turning Key,Spoiler,"500,000",N/A,,Close to none,
UFO,Vehicle,"500,000",N/A,,Unknown,
Radiant Orange,Body Color,"500,000",N/A,,Close to none,
Glacier,Tire Style,"500,000",N/A,,Close to none,
HyperYellow Level 2,HyperChrome,"500,000",N/A,,Close to none,
80s Cassette Table,Furniture,"500,000",N/A,,Close to none,
Car Pool Table,Furniture,"500,000",N/A,,Close to none,
OG Snow Machine,Furniture,"500,000",N/A,,Close to none,
Champion Trumpets,Horn,"500,000",N/A,,Close to none,
Spixel,Rim,"500,000",N/A,,Close to none,
PixelCoin,Drift,"500,000",N/A,,Close to none,
Black Ice,Weapon Skin,"500,000",N/A,,Close to none,
Earthquake,Weapon Skin,"500,000",N/A,,Close to none,
Jungle Vine,Drift,"500,000",N/A,,Close to none,
Banana Chandelier,Furniture,"500,000",N/A,,Close to none,
Kraken Attack,Spoiler,"500,000",N/A,,Close to none,
Pirate Figurehead,Furniture,"500,000",N/A,,Close to none,
Kraken,Rim,"500,000",N/A,,Close to none,
Neo-Runner,Rim,"500,000",N/A,,Close to none,
Cyberpunk,Spoiler,"500,000",N/A,,Close to none,
Stacked Cyberwing,Spoiler,"500,000",N/A,,Close to none,
Wyndr,Vehicle,"500,000",N/A,,Close to none,
Arch9000 Glow,Tire Sticker,"500,000",N/A,,Close to none,
Pizza Delivery,Vehicle,"500,000",N/A,,Close to none,
Avatar Wardrobe,Furniture,"500,000",N/A,,Close to none,
Speed Coil,Rim,"500,000",N/A,,Close to none,
Haunting Door,Furniture,"500,000",N/A,,Close to none,
Lightning,Drift,"400,000",N/A,,Unknown,
Hammer Head,Vehicle,"350,000",N/A,,Close to none,
Carbon Fire,Texture,"325,000",N/A,,Unknown,
Forged,Rim,"300,000",N/A,,Close to none,
Flamethrower,Drift,"300,000",N/A,,Close to none,
Stunt,Vehicle,"300,000",N/A,,Unknown,
XRK,Vehicle,"299,000",N/A,,Unknown,
Belgian Waffle,Rim,"250,000",N/A,,Close to none,
BoominSpeaker,Rim,"250,000",N/A,,Close to none,
Cassette,Rim,"250,000",N/A,,Close to none,
Gun Fire,Rim,"250,000",N/A,,Close to none,
Heli Prop,Rim,"250,000",N/A,,Close to none,
Peppermint,Rim,"250,000",N/A,,Close to none,
Quarter Dollar,Rim,"250,000",N/A,,Close to none,
Rally,Rim,"250,000",N/A,,Close to none,
Retro Racer,Rim,"250,000",N/A,,Close to none,
Road Warrior,Rim,"250,000",N/A,,Close to none,
Scope,Rim,"250,000",N/A,,Close to none,
Spyglass,Rim,"250,000",N/A,,Close to none,
Teddy Bear,Rim,"250,000",N/A,,Close to none,
Tesseract,Rim,"250,000",N/A,,Close to none,
Trion,Rim,"250,000",N/A,,Close to none,
VolleyBall,Rim,"250,000",N/A,,Close to none,
Synth,Drift,"250,000",N/A,,Close to none,
Fiasco,Vehicle,"250,000",N/A,,Close to none,
OG La Matador,Vehicle,"250,000",N/A,,Close to none,
Sentinel,Vehicle,"250,000",N/A,,Unknown,
Speed Yacht,Vehicle,"250,000",N/A,,Unknown,
Buoy,Tire Sticker,"250,000",N/A,,Close to none,
Champion,Tire Sticker,"250,000",N/A,,Close to none,
Flags Of Europe,Tire Sticker,"250,000",N/A,,Close to none,
Tokyo,Tire Sticker,"250,000",N/A,,Close to none,
Aurora,Texture,"250,000",N/A,,Close to none,
Comic Convict,Texture,"250,000",N/A,,Close to none,
Ogre 2017,Texture,"250,000",N/A,,Close to none,
Retrowave,Texture,"250,000",N/A,,Close to none,
Road Hazard,Texture,"250,000",N/A,,Close to none,
Star Spangled,Texture,"250,000",N/A,,Close to none,
Touchdown,Texture,"250,000",N/A,,Close to none,
Aerial Support,Spoiler,"250,000",N/A,,Close to none,
GTR,Spoiler,"250,000",N/A,,Close to none,
RC Antenna,Spoiler,"250,000",N/A,,Close to none,
Scythes,Spoiler,"250,000",N/A,,Close to none,
Ski Wing,Spoiler,"250,000",N/A,,Close to none,
T Rex Bone,Spoiler,"250,000",N/A,,Close to none,
Tank Wing,Spoiler,"250,000",N/A,,Close to none,
Torero,Spoiler,"250,000",N/A,,Close to none,
Torii Gate,Spoiler,"250,000",N/A,,Close to none,
Travel Case,Spoiler,"250,000",N/A,,Close to none,
Trophy Wings,Spoiler,"250,000",N/A,,Close to none,
Vintage Wings,Spoiler,"250,000",N/A,,Close to none,
Alpine Racer,Texture,"250,000",N/A,,Close to none,
Ice Crystal,Rim,"250,000",N/A,,Close to none,
Rally Spotlight,Spoiler,"250,000",N/A,,Close to none,
Darkest Purple,Body Color,"250,000",N/A,,Close to none,
Radiant Green,Body Color,"250,000",N/A,,Close to none,
Radiant Pink,Body Color,"250,000",N/A,,Close to none,
Radiant Polar Blue,Body Color,"250,000",N/A,,Close to none,
Radiant Purple,Body Color,"250,000",N/A,,Close to none,
Radiant Red,Body Color,"250,000",N/A,,Close to none,
Radiant Sun,Body Color,"250,000",N/A,,Close to none,
Radiant Yellow,Body Color,"250,000",N/A,,Close to none,
Rollerblade,Tire Style,"250,000",N/A,,Close to none,
Aurora Chandelier,Furniture,"250,000",N/A,,Close to none,
French Croissant Sofa,Furniture,"250,000",N/A,,Close to none,
Giant OG Snowman,Furniture,"250,000",N/A,,Close to none,
Hero Zapper,Furniture,"250,000",N/A,,Close to none,
Japanese Neon Sign,Furniture,"250,000",N/A,,Close to none,
Radiation Radio,Furniture,"250,000",N/A,,Close to none,
Wanted Background,Furniture,"250,000",N/A,,Close to none,
Wild West Wagon,Furniture,"250,000",N/A,,Close to none,
8-Bit,Rim,"250,000",N/A,,Close to none,
Blue Pixel Racer,Texture,"250,000",N/A,,Close to none,
Pixel Campfire,Furniture,"250,000",N/A,,Close to none,
Snake Guard,Spoiler,"250,000",N/A,,Close to none,
Snake Skin,Texture,"250,000",N/A,,Close to none,
Rok,Tire Style,"250,000",N/A,,Close to none,
Brig Bone,Rim,"250,000",N/A,,Close to none,
Buccaneer,Texture,"250,000",N/A,,Close to none,
Radiant White,Body Color,"250,000",N/A,,Close to none,
Magmatic Glow,Tire Style,"250,000",N/A,,Close to none,
Hatch Voids,Rim,"250,000",N/A,,Close to none,
Neon Vein Wall-Art,Furniture,"250,000",N/A,,Close to none,
Vibrant Hologram,Texture,"250,000",N/A,,Close to none,
Spawn Rug,Furniture,"250,000",N/A,,Close to none,
RobloxStud,Texture,"250,000",N/A,,Close to none,
Truss,Rim,"250,000",N/A,,Close to none,
Radial Red,Tire Style,"250,000",N/A,,Unknown,
Desert Crawler,Vehicle,"229,000",N/A,,Unknown,
Dragon Chaser,Rim,"200,000",N/A,,Close to none,
Stallion,Vehicle,"200,000",N/A,,Unknown,
Ray 9,Vehicle,"199,000",N/A,,Unknown,
Lightning,Tire Sticker,"190,000",N/A,,Unknown,
Little Bird,Vehicle,"190,000",N/A,,Unknown,
Delorean,Vehicle,"175,000",N/A,,Unknown,
Fire Truck,Vehicle,"175,000",N/A,,Unknown,
R-Tracer,Tire Style,"175,000",N/A,,Close to none,
RFX,Rim,"150,000",N/A,,Unknown,
Falcon S,Vehicle,"150,000",N/A,,Unknown,
Prison Bus,Vehicle,"150,000",N/A,,Unknown,
King,Spoiler,"150,000",N/A,,Unknown,
Spares,Spoiler,"150,000",N/A,,Unknown,
SubSpace,Drift,"150,000",N/A,,Close to none,
Abstracts,Rim,"120,000",N/A,,Close to none,
Cosmic,Drift,"120,000",N/A,,Close to none,
Surus,Vehicle,"109,000",N/A,,Unknown,
Evil Eye,Rim,"100,000",N/A,,Close to none,
Propeller,Rim,"100,000",N/A,,Close to none,
Radioactive,Rim,"100,000",N/A,,Close to none,
Revolver,Rim,"100,000",N/A,,Close to none,
Vault Door,Rim,"100,000",N/A,,Close to none,
Magic Purple,Drift,"100,000",N/A,,Unknown,
CyberTruck,Vehicle,"100,000",N/A,,Unknown,
La Matador,Vehicle,"100,000",N/A,,Unknown,
Laviolette,Vehicle,"100,000",N/A,,Close to none,
Semi Truck,Vehicle,"100,000",N/A,,Unknown,
Camo Shark,Texture,"100,000",N/A,,Close to none,
Dragon Scales,Texture,"100,000",N/A,,Unknown,
Electronic,Texture,"100,000",N/A,,Close to none,
Ladybug,Texture,"100,000",N/A,,Close to none,
Peach,Texture,"100,000",N/A,,Close to none,
Road Warrior,Texture,"100,000",N/A,,Close to none,
Carbonara,Spoiler,"100,000",N/A,,Unknown,
Dragon Breath,Spoiler,"100,000",N/A,,Close to none,
Flame Spitter,Spoiler,"100,000",N/A,,Close to none,
Laser Wire,Spoiler,"100,000",N/A,,Close to none,
Nitro Tank,Spoiler,"100,000",N/A,,Close to none,
Skater Wing,Spoiler,"100,000",N/A,,Close to none,
Tesla,Spoiler,"100,000",N/A,,Close to none,
Trouble Wing,Spoiler,"100,000",N/A,,Unknown,
Escape Bot,Vehicle,"100,000",N/A,,Close to none,
Cheese Burger,Tire Style,"100,000",N/A,,Close to none,
Winter Rally Lamp,Furniture,"100,000",N/A,,Close to none,
DPad,Rim,"100,000",N/A,,Close to none,
Grande Punto,Rim,"100,000",N/A,,Unknown,
Jungle Ruins,Tire Style,"100,000",N/A,,Close to none,
Yarg Cap,Spoiler,"100,000",N/A,,Close to none,
R2008,Tire Style,"100,000",N/A,,Close to none,
Brick Kar-1,Spoiler,"100,000",N/A,,Close to none,
Pool Table,Furniture,"100,000",N/A,,Close to none,
Gun Rack,Furniture,"100,000",N/A,,Close to none,
Shell Mark 5,Vehicle,"92,000",N/A,,Unknown,
Ambulance,Vehicle,"90,000",N/A,,Unknown,
Tow Truck,Vehicle,"80,000",N/A,,Unknown,
Desert Camo,Texture,"80,000",N/A,,Unknown,
Tanker,Vehicle,"80,000",N/A,,Unknown,
Camper,Vehicle,"79,000",N/A,,Unknown,
Subcarbon,Rim,"75,000",N/A,,Unknown,
Pixel,Drift,"75,000",N/A,,Unknown,
Safari,Tire Style,"75,000",N/A,,Close to none,
Donut Vending Machine,Furniture,"75,000",N/A,,Close to none,
Scary Organ,Furniture,"70,000",N/A,,Close to none,
Construction,Tire Sticker,"60,000",N/A,,Unknown,
Challenger,Vehicle,"59,000",N/A,,Unknown,
Boxer,Vehicle,"55,000",N/A,,Unknown,
Expeditioner,Vehicle,"55,000",N/A,,Close to none,
Electrostatic,Rim,"50,000",N/A,,Close to none,
Hold E,Rim,"50,000",N/A,,Close to none,
Roulette,Rim,"50,000",N/A,,Close to none,
ATV,Vehicle,"50,000",N/A,,Unknown,
Speed,Tire Sticker,"50,000",N/A,,Close to none,
USA,Tire Sticker,"50,000",N/A,,Close to none,
Camo,Texture,"50,000",N/A,,Unknown,
Classic Var 1,Texture,"50,000",N/A,,Unknown,
Classic Var 3,Texture,"50,000",N/A,,Unknown,
Nuclear Waste,Texture,"50,000",N/A,,Unknown,
Racer,Texture,"50,000",N/A,,Unknown,
Speed,Texture,"50,000",N/A,,Close to none,
Watermelon,Texture,"50,000",N/A,,Unknown,
BatWings,Spoiler,"50,000",N/A,,Unknown,
Campout,Spoiler,"50,000",N/A,,Close to none,
Harpoon,Spoiler,"50,000",N/A,,Close to none,
Jailbreak Hills,Spoiler,"50,000",N/A,,Close to none,
Meteor Magnet,Spoiler,"50,000",N/A,,Close to none,
Native,Spoiler,"50,000",N/A,,Close to none,
Racer,Spoiler,"50,000",N/A,,Close to none,
Terminator,Spoiler,"50,000",N/A,,Close to none,
Jet Ski,Vehicle,"50,000",N/A,,Unknown,
Trail Trek,Tire Style,"50,000",N/A,,Close to none,
Cosmetic Safe,Furniture,"50,000",N/A,,Close to none,
CyberBlue Couch,Furniture,"50,000",N/A,,Close to none,
Fabulous Sign,Furniture,"50,000",N/A,,Close to none,
Toy Plane,Furniture,"50,000",N/A,,Close to none,
Voxel Sofa,Furniture,"50,000",N/A,,Unknown,
Voxel,Spoiler,"50,000",N/A,,Close to none,
Manga,Weapon Skin,"50,000",N/A,,Unknown,
Python,Rim,"50,000",N/A,,Close to none,
Skull And Sails,Tire Sticker,"50,000",N/A,,Close to none,
P-100I,Rim,"50,000",N/A,,Close to none,
Roblox R,Spoiler,"50,000",N/A,,Close to none,
Energy Vending Machine,Furniture,"50,000",N/A,,Close to none,
Erics Starship,Furniture,"50,000",N/A,,Close to none,
Bubble Wand,Drift,"45,000",N/A,,Unknown,
Badger,Vehicle,"45,000",N/A,,Unknown,
Dune Buggy,Vehicle,"45,000",N/A,,Unknown,
Patrol,Vehicle,"45,000",N/A,,Unknown,
WireFrame,Texture,"45,000",N/A,,Unknown,
Unified,Rim,"40,000",N/A,,Unknown,
Candy Cane,Texture,"40,000",N/A,,Unknown,
Diamond,Texture,"40,000",N/A,,Unknown,
Donut,Texture,"40,000",N/A,,Unknown,
Galaxy,Texture,"40,000",N/A,,Unknown,
Scorch,Texture,"40,000",N/A,,Unknown,
Zebra,Texture,"40,000",N/A,,Unknown,
Volcano,Texture,"39,000",N/A,,Unknown,
Wingo,Spoiler,"37,000",N/A,,Close to none,
Police Chase,Rim,"35,000",N/A,,Unknown,
Slashers,Rim,"35,000",N/A,,Close to none,
VFX,Rim,"35,000",N/A,,Unknown,
Cartoon,Drift,"35,000",N/A,,Unknown,
Dirt Bike,Vehicle,"35,000",N/A,,Unknown,
Badonuts,Tire Sticker,"35,000",N/A,,Close to none,
Tracer,Tire Sticker,"35,000",N/A,,Unknown,
Lines,Texture,"35,000",N/A,,Unknown,
Volt,Texture,"35,000",N/A,,Close to none,
Museum Chandelier,Furniture,"35,000",N/A,,Close to none,
Trapped Spikes,Furniture,"33,333",N/A,,Close to none,
Interrogator,Vehicle,"30,000",N/A,,Unknown,
Patchy Jeans,Texture,"30,000",N/A,,Unknown,
Park Bench,Spoiler,"30,000",N/A,,Unknown,
Badimo Bros Wall Light,Furniture,"30,000",N/A,,Unknown,
Sloopwreck Bed,Furniture,"30,000",N/A,,Close to none,
Mark 5,Spoiler,"29,900",N/A,,Unknown,
Bloxy,Rim,"25,000",N/A,,Unknown,
Cobweb,Rim,"25,000",N/A,,Close to none,
Reactor,Rim,"25,000",N/A,,Close to none,
SRT,Rim,"25,000",N/A,,Close to none,
Space-R,Rim,"25,000",N/A,,Unknown,
Melons,Drift,"25,000",N/A,,Unknown,
Performance,Drift,"25,000",N/A,,Unknown,
Ray,Vehicle,"25,000",N/A,,Unknown,
Leap Year,Tire Sticker,"25,000",N/A,,Unknown,
Radar,Tire Sticker,"25,000",N/A,,Close to none,
Dragster,Spoiler,"25,000",N/A,,Unknown,
Police That Way,Spoiler,"25,000",N/A,,Close to none,
Shogun,Spoiler,"25,000",N/A,,Unknown,
TailFin,Spoiler,"25,000",N/A,,Unknown,
Dino Exhibit,Furniture,"25,000",N/A,,Close to none,
Grand Piano,Furniture,"25,000",N/A,,Close to none,
Missile Sofa,Furniture,"25,000",N/A,,Close to none,
TNT Barrel,Furniture,"25,000",N/A,,Close to none,
VoltLine,Spoiler,"25,000",N/A,,Unknown,
Corp CR1,Rim,"25,000",N/A,,Unknown,
Confetti Cannon,Furniture,"25,000",N/A,,Close to none,
Dance Floor,Furniture,"25,000",N/A,,Close to none,
DeepSeaAquarium,Furniture,"25,000",N/A,,Close to none,
RGB Machine,Furniture,"25,000",N/A,,Close to none,
SupersuitDisplay,Furniture,"25,000",N/A,,Close to none,
LeEclair,Texture,"21,000",N/A,,Close to none,
Vecchio,Rim,"20,000",N/A,,Unknown,
Crash Nation,Tire Sticker,"20,000",N/A,,Unknown,
Criminal,Tire Sticker,"20,000",N/A,,Unknown,
DatBrian,Tire Sticker,"20,000",N/A,,Unknown,
DenisDaily,Tire Sticker,"20,000",N/A,,Unknown,
JBMS,Tire Sticker,"20,000",N/A,,Unknown,
Jailbreak,Tire Sticker,"20,000",N/A,,Unknown,
KraoESP,Tire Sticker,"20,000",N/A,,Unknown,
KreekCraft,Tire Sticker,"20,000",N/A,,Unknown,
Line,Tire Sticker,"20,000",N/A,,Unknown,
MyUsernamesThis,Tire Sticker,"20,000",N/A,,Unknown,
NoobFreak,Tire Sticker,"20,000",N/A,,Unknown,
Phindr,Tire Sticker,"20,000",N/A,,Unknown,
Police,Tire Sticker,"20,000",N/A,,Unknown,
Thin,Tire Sticker,"20,000",N/A,,Unknown,
Ball,Texture,"20,000",N/A,,Unknown,
Frit,Texture,"20,000",N/A,,Unknown,
Galaxy Wave,Texture,"20,000",N/A,,Unknown,
Ice,Texture,"20,000",N/A,,Unknown,
Swirl,Texture,"20,000",N/A,,Unknown,
Two Sided,Texture,"20,000",N/A,,Unknown,
Boomerang,Spoiler,"20,000",N/A,,Unknown,
Racing Wing,Spoiler,"20,000",N/A,,Unknown,
Tall Arch,Spoiler,"20,000",N/A,,Unknown,
Tsutek,Spoiler,"20,000",N/A,,Unknown,
Clown,Horn,"20,000",N/A,,Unknown,
Money,Weapon Skin,"20,000",N/A,,Unknown,
Prehistoric,Texture,"20,000",N/A,,Close to none,
Dual Wingbeat,Spoiler,"20,000",N/A,,Close to none,
147,Rim,"20,000",N/A,,Close to none,
Settima,Rim,"20,000",N/A,,Close to none,
DJBooth,Furniture,"20,000",N/A,,Close to none,
OrbitalChandelier,Furniture,"20,000",N/A,,Close to none,
8-Bit Rug,Furniture,"18,000",N/A,,Unknown,
Model 3,Vehicle,"16,000",N/A,,Unknown,
RX-1,Rim,"15,000",N/A,,Unknown,
Taxi,Texture,"15,000",N/A,,Unknown,
Arch,Spoiler,"15,000",N/A,,Unknown,
Tiny Wing,Spoiler,"15,000",N/A,,Unknown,
Tiger,Weapon Skin,"15,000",N/A,,Unknown,
Wooden Toy,Weapon Skin,"15,000",N/A,,Unknown,
Treasure Island,Rim,"15,000",N/A,,Close to none,
Captain Table,Furniture,"15,000",N/A,,Close to none,
Parisian,Tire Sticker,"12,500",N/A,,Unknown,
Deep Purple,Body Color,"12,000",N/A,,Close to none,
7 billion,Rim,"10,000",N/A,,Unknown,
Billion,Rim,"10,000",N/A,,Unknown,
Jet,Rim,"10,000",N/A,,Unknown,
Landmine,Rim,"10,000",N/A,,Close to none,
Mystic,Rim,"10,000",N/A,,Close to none,
Spike,Rim,"10,000",N/A,,Close to none,
Deja,Vehicle,"10,000",N/A,,Unknown,
Frost,Texture,"10,000",N/A,,Unknown,
Paint,Texture,"10,000",N/A,,Unknown,
Box O Cash,Spoiler,"10,000",N/A,,Close to none,
Eternal Flame,Spoiler,"10,000",N/A,,Close to none,
Rocket,Spoiler,"10,000",N/A,,Unknown,
Hot Orange,Body Color,"10,000",N/A,,Close to none,
Super Lime,Body Color,"10,000",N/A,,Unknown,
3 Lives,Spoiler,"10,000",N/A,,Unknown,
Rally Lights,Spoiler,"10,000",N/A,,Close to none,
Tiki Stack Of Badimo,Furniture,"10,000",N/A,,Close to none,
Bananas,Drift,"10,000",N/A,,Close to none,
Parrot,Spoiler,"10,000",N/A,,Close to none,
Captain Chandelier,Furniture,"10,000",N/A,,Close to none,
ClassicTVWall,Furniture,"10,000",N/A,,Close to none,
OakArmChair,Furniture,"10,000",N/A,,Close to none,
OakArmSofa,Furniture,"10,000",N/A,,Close to none,
Cactus Buddy,Furniture,"10,000",N/A,,Close to none,
ClassicRoundDanceFloor,Furniture,"10,000",N/A,,Close to none,
ClassicSmallDanceFloor,Furniture,"10,000",N/A,,Close to none,
FancyFireplace,Furniture,"10,000",N/A,,Close to none,
Heli Night,Furniture,"10,000",N/A,,Close to none,
ModernKingBed,Furniture,"10,000",N/A,,Close to none,
ModKitchen,Furniture,"10,000",N/A,,Close to none,
OakCoffeeTable,Furniture,"10,000",N/A,,Close to none,
Pixel Portrait,Furniture,"10,000",N/A,,Close to none,
SmallOrbitalChandelier,Furniture,"10,000",N/A,,Close to none,
TwinSofa,Furniture,"10,000",N/A,,Close to none,
Pickup,Vehicle,"9,000",N/A,,Unknown,
Rest In Peace,Furniture,"6,000",N/A,,Close to none,
CyberTubes,Furniture,"6,000",N/A,,Close to none,
Flower,Rim,"5,000",N/A,,Close to none,
Money,Rim,"5,000",N/A,,Unknown,
Block Wing,Spoiler,"5,000",N/A,,Unknown,
Darkest Blue,Body Color,"5,000",N/A,,Unknown,
Darkest Brown,Body Color,"5,000",N/A,,Unknown,
Darkest Green,Body Color,"5,000",N/A,,Unknown,
Darkest Marine,Body Color,"5,000",N/A,,Unknown,
Darkest Red,Body Color,"5,000",N/A,,Unknown,
Hottest Pink,Body Color,"5,000",N/A,,Unknown,
Maroon,Body Color,"5,000",N/A,,Unknown,
Military Green,Body Color,"5,000",N/A,,Unknown,
Navy Blue,Body Color,"5,000",N/A,,Unknown,
Aurora,Weapon Skin,"5,000",N/A,,Unknown,
Jungle Mosaic,Tire Sticker,"5,000",N/A,,Close to none,
Mud,Body Color,"5,000",N/A,,Unknown,
Bamboo,Rim,"5,000",N/A,,Close to none,
Rally Signage,Furniture,"5,000",N/A,,Close to none,
Scary Sofa,Furniture,"5,000",N/A,,Close to none,
Marble Dining Table,Furniture,"5,000",N/A,,Close to none,
White Ceiling Fan,Furniture,"5,000",N/A,,Close to none,
Double Sofa,Furniture,"5,000",N/A,,Close to none,
ClassicDoubleTwin,Furniture,"5,000",N/A,,Close to none,
Black Ceiling Fan,Furniture,"5,000",N/A,,Close to none,
BombChandelier,Furniture,"5,000",N/A,,Close to none,
CatPlush,Furniture,"5,000",N/A,,Close to none,
DriftwoodShelves,Furniture,"5,000",N/A,,Close to none,
NightTrainArtwork,Furniture,"5,000",N/A,,Close to none,
Volt Media Table,Furniture,"5,000",N/A,,Close to none,
Twin Bed,Furniture,"5,000",N/A,,Close to none,
ClassicModernCouch,Furniture,"4,500",N/A,,Close to none,
Classic Var 2,Texture,"4,000",N/A,,Unknown,
Cow,Texture,"4,000",N/A,,Unknown,
Rainbow,Texture,"4,000",N/A,,Unknown,
Flatscreen,Furniture,"4,000",N/A,,Close to none,
King Bed,Furniture,"4,000",N/A,,Close to none,
Marble Coffee Table,Furniture,"3,500",N/A,,Close to none,
Asimos Desk,Furniture,"3,500",N/A,,Close to none,
Large Houseplant,Furniture,"3,500",N/A,,Close to none,
ModKitchenIsland,Furniture,"3,500",N/A,,Close to none,
Turret,Furniture,"3,000",N/A,,Close to none,
Scary Treasures,Furniture,"2,500",N/A,,Close to none,
LavaLamp,Furniture,"2,500",N/A,,Close to none,
ClassicIceTable,Furniture,"2,500",N/A,,Close to none,
Modern Globe Ceiling Light,Furniture,"2,500",N/A,,Close to none,
Museum Light,Furniture,"2,500",N/A,,Close to none,
Recliner,Furniture,"2,500",N/A,,Close to none,
Tall Houseplant,Furniture,"2,500",N/A,,Close to none,
Wood Dining Table,Furniture,"2,500",N/A,,Close to none,
Police,Texture,"2,000",N/A,,Unknown,
Can Light,Furniture,"2,000",N/A,,Close to none,
RetroComputer,Furniture,"2,000",N/A,,Close to none,
Wood Coffee Table,Furniture,"2,000",N/A,,Close to none,
Solo Sofa,Furniture,"1,750",N/A,,Close to none,
ConspiracyBoard,Furniture,"1,500",N/A,,Close to none,
Modern Desk,Furniture,"1,500",N/A,,Close to none,
Volt Shelf,Furniture,"1,500",N/A,,Close to none,
Drumset,Furniture,"1,500",N/A,,Close to none,
FancyWallLamp,Furniture,"1,500",N/A,,Close to none,
Tulip Chair,Furniture,"1,250",N/A,,Close to none,
Small Wood Dining Table,Furniture,"1,250",N/A,,Close to none,
Arachnid,Rim,"1,000",N/A,,Unknown,
Turbine,Rim,"1,000",N/A,,Unknown,
Flat Black,Tire Sticker,"1,000",N/A,,Unknown,
Black,Body Color,"1,000",N/A,,Close to none,
Blue,Body Color,"1,000",N/A,,Unknown,
Cyan,Body Color,"1,000",N/A,,Unknown,
Forest Green,Body Color,"1,000",N/A,,Unknown,
Green,Body Color,"1,000",N/A,,Unknown,
Grey,Body Color,"1,000",N/A,,Unknown,
Matte,Body Color,"1,000",N/A,,Unknown,
White,Body Color,"1,000",N/A,,Unknown,
Police Desk,Furniture,"1,000",N/A,,Close to none,
Small Curtain,Furniture,"1,000",N/A,,Close to none,
Floor Globe Blue,Furniture,"1,000",N/A,,Close to none,
Large Curtain,Furniture,"1,000",N/A,,Close to none,
Modern White Lamp,Furniture,"1,000",N/A,,Close to none,
Star Rug,Furniture,"1,000",N/A,,Close to none,
Wood Media Table,Furniture,750,N/A,,Close to none,
Outlet,Furniture,500,N/A,,Close to none,
SmokeDetector,Furniture,500,N/A,,Close to none,
Switch1,Furniture,500,N/A,,Close to none,
Switch2,Furniture,500,N/A,,Close to none,
Vent,Furniture,500,N/A,,Close to none,
Modern Chair,Furniture,400,N/A,,Close to none,
Step Stool,Furniture,250,N/A,,Close to none,
Ye Old Chair,Furniture,250,N/A,,Close to none,
Yellow Lamp,Furniture,250,N/A,,Close to none,
Shoebox,Furniture,100,N/A,,Close to none,
Blade,Rim,N/A,N/A,,Unknown,
Cyclone,Rim,N/A,N/A,,Unknown,
Halo,Rim,N/A,N/A,,Unknown,
Star,Rim,N/A,N/A,,Unknown,
Camaro,Vehicle,N/A,N/A,,Unknown,
Celestial,Vehicle,N/A,N/A,,Unknown,
Cruiser,Vehicle,N/A,N/A,,Unknown,
Jeep,Vehicle,N/A,N/A,,Unknown,
Lia,Vehicle,N/A,N/A,,Unknown,
MCL36,Vehicle,N/A,N/A,,Unknown,
Nascar,Vehicle,N/A,N/A,,Unknown,
Nascar Free,Vehicle,N/A,N/A,,Unknown,
Swat Van,Vehicle,N/A,N/A,,Unknown,
HelloItsVG,Tire Sticker,N/A,N/A,,Unknown,
Nascar,Tire Sticker,N/A,N/A,,Unknown,
Creator,Texture,N/A,N/A,,Unknown,
Deep Purple Flame,Texture,N/A,N/A,,Close to none,
Live 2024,Rim,N/A,N/A,,Unknown,
Catch Me,Spoiler,N/A,N/A,,Unknown,
Classic,Spoiler,N/A,N/A,,Unknown,
XRK Aero,Spoiler,N/A,N/A,,Unknown,
Heli,Vehicle,N/A,N/A,,Unknown,
Orange,Body Color,N/A,N/A,,Unknown,
Pastel Blue,Body Color,N/A,N/A,,Unknown,
Pastel Brown,Body Color,N/A,N/A,,Unknown,
Pastel Gray,Body Color,N/A,N/A,,Unknown,
Pastel Green,Body Color,N/A,N/A,,Unknown,
Pastel Orange,Body Color,N/A,N/A,,Unknown,
Pastel Pink,Body Color,N/A,N/A,,Unknown,
Pastel Violet,Body Color,N/A,N/A,,Unknown,
Pastel Yellow,Body Color,N/A,N/A,,Unknown,
Pink,Body Color,N/A,N/A,,Unknown,
Purple,Body Color,N/A,N/A,,Unknown,
Real Green,Body Color,N/A,N/A,,Unknown,
Red,Body Color,N/A,N/A,,Unknown,
Sakura Pink,Body Color,N/A,N/A,,Unknown,
Sand,Body Color,N/A,N/A,,Unknown,
Yellow,Body Color,N/A,N/A,,Unknown,
Classic Sport,Tire Style,N/A,N/A,,Unknown,
Classic Thick,Tire Style,N/A,N/A,,Unknown,
Classic,Tire Style,N/A,N/A,,Unknown,
Monster,Tire Style,N/A,N/A,,Unknown,
Offroad,Tire Style,N/A,N/A,,Unknown,
Treaded Sport,Tire Style,N/A,N/A,,Unknown,
Treaded Thick,Tire Style,N/A,N/A,,Unknown,
Treaded,Tire Style,N/A,N/A,,Unknown,
HyperBlue Level 1,HyperChrome,N/A,N/A,,Unknown,
HyperDiamond Level 1,HyperChrome,N/A,N/A,,Unknown,
HyperGreen Level 1,HyperChrome,N/A,N/A,,Unknown,
HyperOrange Level 1,HyperChrome,N/A,N/A,,Unknown,
HyperPink Level 1,HyperChrome,N/A,N/A,,Unknown,
HyperPurple Level 1,HyperChrome,N/A,N/A,,Unknown,
HyperRed Level 1,HyperChrome,N/A,N/A,,Unknown,
HyperYellow Level 1,HyperChrome,N/A,N/A,,Unknown,
VIP Radio,Furniture,N/A,N/A,,Unknown,
VIP Chrome,Body Color,N/A,N/A,,Unknown,
Ahooga,Horn,N/A,N/A,,Unknown,
Airhorn,Horn,N/A,N/A,,Unknown,
Bicycle,Horn,N/A,N/A,,Unknown,
City,Horn,N/A,N/A,,Unknown,
Countdown,Horn,N/A,N/A,,Unknown,
Cruise Liner,Horn,N/A,N/A,,Unknown,
Drop Weapons,Horn,N/A,N/A,,Unknown,
Fire Brigade,Horn,N/A,N/A,,Unknown,
Injan,Horn,N/A,N/A,,Unknown,
Meep Meep,Horn,N/A,N/A,,Unknown,
Original,Horn,N/A,N/A,,Unknown,
Quack,Horn,N/A,N/A,,Unknown,
Realistic,Horn,N/A,N/A,,Unknown,
Rumble Siren,Horn,N/A,N/A,,Unknown,
Sendoff,Horn,N/A,N/A,,Unknown,
Steamer,Horn,N/A,N/A,,Unknown,
Train,Horn,N/A,N/A,,Unknown,
Gamer TV Set,Furniture,N/A,N/A,,Unknown,
Insert Coin,Tire Sticker,N/A,N/A,,Unknown,
HungrySnake,Tire Sticker,N/A,N/A,,Unknown,
Pixel Wardrobe,Furniture,N/A,N/A,,Unknown,
Aquatic,Weapon Skin,N/A,N/A,,Unknown,
Camo,Weapon Skin,N/A,N/A,,Unknown,
Candy Cane,Weapon Skin,N/A,N/A,,Unknown,
Diamond,Weapon Skin,N/A,N/A,,Unknown,
Donut,Weapon Skin,N/A,N/A,,Unknown,
Camo Radar,Weapon Skin,N/A,N/A,,Unknown,
Rainbow,Weapon Skin,N/A,N/A,,Unknown,
Scorch,Weapon Skin,N/A,N/A,,Unknown,
Zebra,Weapon Skin,N/A,N/A,,Unknown,
Nascar Hauler,Texture,N/A,N/A,,Unknown,
Swat Graffiti,Texture,N/A,N/A,,Unknown,
MCL36,Tire Sticker,N/A,N/A,,Unknown,
MCL36,Rim,N/A,N/A,,Unknown,
laughability,Tire Sticker,N/A,N/A,,Unknown,
Bleeding Edge,Spoiler,N/A,N/A,,Unknown,
Jade Glow,Tire Sticker,N/A,N/A,,Unknown,
Hologram Donut Vendor,Furniture,N/A,N/A,,Unknown,
Wanted Hologram Signage,Furniture,N/A,N/A,,Unknown,
ArmorPunk,Rim,N/A,N/A,,Unknown,
Hex-Bond,Rim,N/A,N/A,,Unknown,
Cracky4,Texture,N/A,N/A,,Unknown,
Doghouse Bulldog,Furniture,N/A,N/A,,Unknown,
Doghouse German,Furniture,N/A,N/A,,Unknown,
Bounty Board,Furniture,N/A,N/A,,Unknown,
Animated Obby,Rim,N/A,N/A,,Close to none,
Classic Jet,Spoiler,N/A,N/A,,Close to none,
Delivery,Rim,N/A,N/A,,Unknown,
SFOTH,Tire Sticker,N/A,N/A,,Unknown,
Spawn,Rim,N/A,N/A,,Close to none,
Studded,Tire Style,N/A,N/A,,Unknown,
Reaper,Spoiler,N/A,N/A,,Unknown,
Bad Omen,Rim,N/A,N/A,,Unknown,
Chilling,Texture,N/A,N/A,,Unknown,
Ghost Catcher,Spoiler,N/A,N/A,,Unknown,
Scythes,Rim,N/A,N/A,,Unknown,
King Reaper,Spoiler,N/A,N/A,,Unknown,
Thing,Tire Sticker,N/A,N/A,,Unknown,
Bank Truck,Vehicle,N/A,N/A,,Unknown,
AdminNuke,Vehicle,N/A,N/A,,Unknown,
Lapine,Rim,N/A,N/A,,Unknown,
